Date,BTC,ETH
2022-01-02,-0.007189054400020822,0.0157565718419157
2022-01-03,-0.01891463669576332,-0.017965194416833086
2022-01-04,-0.012138934663861178,0.00864979039962499
2022-01-05,-0.05206628845481376,-0.06637919922309976
2022-01-06,-0.009410297303588777,-0.03788159613599795
2022-01-07,-0.037847988650375086,-0.06814818392330224
2022-01-08,0.0042270483325967945,-0.0322175338188071
2022-01-09,0.004247935206112885,0.021050925260373887
2022-01-10,-0.002157811766201334,-0.023925309249449356
2022-01-11,0.02163341063743829,0.04905540850526968
2022-01-12,0.027993907251913086,0.04059232704491755
2022-01-13,-0.03137582795207017,-0.037454373766008686
2022-01-14,0.011859664695821337,0.01882036684483701
2022-01-15,0.001801155622210615,0.006183047255122531
2022-01-16,-0.0014722123644013152,0.006103815352282993
2022-01-17,-0.020227571699049207,-0.04224676783784531
2022-01-18,0.0029561092566119385,-0.015143729147736096
2022-01-19,-0.015009910442870478,-0.021790268306874694
2022-01-20,-0.025816743095603556,-0.031069137876990283
2022-01-21,-0.10960468291544068,-0.1597866123370455
2022-01-22,-0.039930188839646164,-0.06157375509984142
2022-01-23,0.03496657378118151,0.052583822253714274
2022-01-24,0.010352967106697974,-0.03806663414707501
2022-01-25,0.008142486826951512,0.006365155947078982
2022-01-26,-0.002760824449564936,0.004912804357988243
2022-01-27,0.007733837890786077,-0.018413426720137238
2022-01-28,0.01724750509041506,0.04994538674198079
2022-01-29,0.009321351739208339,0.01943722079713517
2022-01-30,-0.005800446457154607,0.0024542933278377532
2022-01-31,0.014804408066392938,0.032057294217723964
2022-02-01,0.0067373185026333715,0.03789901590241307
2022-02-02,-0.04731073995912283,-0.03991900189846387
2022-02-03,0.0054412158319916415,-0.0013768725863689824
2022-02-04,0.11062688345744753,0.10762195699877353
2022-02-05,-0.0014398234837340596,0.010356898784399604
2022-02-06,0.023166876517578316,0.014106625354683544
2022-02-07,0.0331115827095374,0.027419575373833993
2022-02-08,0.006324808965338491,-0.006340582774360115
2022-02-09,0.004982113681997191,0.03673697694103062
2022-02-10,-0.017603393781389087,-0.05129394490390027
2022-02-11,-0.026921126055171385,-0.050002751912891163
2022-02-12,-0.0038621218328671603,-0.0034289808975120906
2022-02-13,-0.0011120802095430093,-0.011687921329383677
2022-02-14,0.009185768314631915,0.017196958236169735
2022-02-15,0.04563060448723988,0.08065348682875495
2022-02-16,-0.013855295049898686,-0.016503080476892862
2022-02-17,-0.08108233071910398,-0.08203477627474065
2022-02-18,-0.012586526423760347,-0.033795647967470366
2022-02-19,0.002275138191892623,-0.007938288426893259
2022-02-20,-0.043054421746525406,-0.05010097368287525
2022-02-21,-0.03592381094835417,-0.021080126474083194
2022-02-22,0.03213453434150715,0.025123785947060995
2022-02-23,-0.02618363461542117,-0.018716756316610628
2022-02-24,0.027399579951550734,0.0029710451975581975
2022-02-25,0.022738450595305437,0.06210492001628065
2022-02-26,-0.0027852723260775036,0.005978101333671937
2022-02-27,-0.03633451792442699,-0.058989006467832006
2022-02-28,0.13576425730332176,0.10744823233553014
2022-03-01,0.02653338033252517,0.018088331874394292
2022-03-02,-0.00975371593540686,-0.007553031531305265
2022-03-03,-0.03409447865241333,-0.03999069193805127
2022-03-04,-0.08128527556523579,-0.07976638173113937
2022-03-05,0.0066969062286332814,0.01805242724385181
2022-03-06,-0.025202937052357655,-0.04207381817472555
2022-03-07,-0.009360315270734887,-0.022668012978125596
2022-03-08,0.017584738215960627,0.03112913711734322
2022-03-09,0.0804608330138592,0.0576943152453806
2022-03-10,-0.06254685680053029,-0.04562000998542359
2022-03-11,-0.016425482290646443,-0.01876573650264035
2022-03-12,0.002806706804667769,0.0059175177645443
2022-03-13,-0.027475269974985395,-0.021914057615659566
2022-03-14,0.04689129940953407,0.02808658645403561
2022-03-15,-0.008302471898177899,0.011304854773674933
2022-03-16,0.04486546767419952,0.05635772436345565
2022-03-17,-0.0046909168777933274,0.015321408134705727
2022-03-18,0.020538517974936,0.04531471478917748
2022-03-19,0.009274687432013096,0.0003102934660130785
2022-03-20,-0.022600322885967472,-0.029553396993632575
2022-03-21,-0.0041257618874652735,0.013030575038735392
2022-03-22,0.030703791309973028,0.025602884706367846
2022-03-23,0.012531246090631498,0.019299107399374016
2022-03-24,0.02459372596578646,0.025084636099409252
2022-03-25,0.008782716407665703,-0.00044752523851165904
2022-03-26,0.003423715485570966,0.011682834500293282
2022-03-27,0.05081317579238309,0.04613228082191334
2022-03-28,0.006546412763370313,0.013595696011334368
2022-03-29,0.007140599739189568,0.019397235082777797
2022-03-30,-0.008527995234731023,-0.004959336101979517
2022-03-31,-0.03291800954258228,-0.031056412218482876
2022-04-01,0.016183454010016973,0.049900281425525606
2022-04-02,-0.008957035540669622,-0.0013033136125990552
2022-04-03,0.012664841243047675,0.022324511009120585
2022-04-04,0.0036337857461319345,-0.00045209207726948364
2022-04-05,-0.023144860605896156,-0.03157573691482618
2022-04-06,-0.052945705100574614,-0.0729726411008258
2022-04-07,0.006852924231532498,0.019230283545795146
2022-04-08,-0.028353972258937432,-0.012824595407119332
2022-04-09,0.011625235289933755,0.02164397810823182
2022-04-10,-0.013518646577317384,-0.015462462060694904
2022-04-11,-0.06574699455484989,-0.07457602946225705
2022-04-12,0.015198991801760542,0.0164105167191817
2022-04-13,0.025576417495491555,0.028615310469096045
2022-04-14,-0.030364373354540675,-0.03207532926840706
2022-04-15,0.015355179227128701,0.006932112702694226
2022-04-16,-0.0031855728397047756,0.007010680458268581
2022-04-17,-0.017657522881942,-0.02275865766468499
2022-04-18,0.027546268364385895,0.02122150798980904
2022-04-19,0.016435294339235185,0.015093412368395676
2022-04-20,-0.003097867846211244,-0.008528432651457862
2022-04-21,-0.02068443970831879,-0.029767000729542303
2022-04-22,-0.019611085251920457,-0.007608845779525808
2022-04-23,-0.00640161932757799,-0.009053731962818112
2022-04-24,-0.0004417015833446669,-0.005248860381637854
2022-04-25,0.02474905007609607,0.02921955843697699
2022-04-26,-0.05959955698854813,-0.06915985471067287
2022-04-27,0.029052734994520435,0.028307356278774343
2022-04-28,0.01348390672152533,0.016482452376458845
2022-04-29,-0.029702353660828962,-0.042192511152652656
2022-04-30,-0.023452178557919368,-0.030806004516415797
2022-05-01,0.01980058020040154,0.03511348097331268
2022-05-02,0.0015645616058179712,0.010432259389036247
2022-05-03,-0.020422241840901023,-0.026215139510623153
2022-05-04,0.0503126775329914,0.054928247921916196
2022-05-05,-0.08194136472907587,-0.0673141307405496
2022-05-06,-0.014713780107637575,-0.019924052577191986
2022-05-07,-0.015067299056939376,-0.02209278193044817
2022-05-08,-0.04148559878699665,-0.046047462225365265
2022-05-09,-0.1170549632581519,-0.11435321457567582
2022-05-10,0.02367869238648268,0.04275299975619351
2022-05-11,-0.06962706368651972,-0.12308346967034733
2022-05-12,0.0038423156405116288,-0.054754528388772705
2022-05-13,0.00806958299328464,0.026518197304114643
2022-05-14,0.027556540350856196,0.02056514548746602
2022-05-15,0.039214229608877105,0.042573431483047486
2022-05-16,-0.047163938825930174,-0.05902291964196671
2022-05-17,0.01867531097186692,0.0329137436259197
2022-05-18,-0.0576896230339532,-0.08677775891458417
2022-05-19,0.05401747251089617,0.05169143189887038
2022-05-20,-0.03742660999960279,-0.02865798934947339
2022-05-21,0.007896156156526501,0.006708965008304979
2022-05-22,0.029840116535785555,0.03417812937958864
2022-05-23,-0.041229610336666056,-0.035362119010706294
2022-05-24,0.018949781767068075,0.0034424837230027094
2022-05-25,-0.0031485281301595336,-0.01740948928091779
2022-05-26,-0.010033699544871766,-0.07521510273085763
2022-05-27,-0.022097889022564488,-0.044776051541073336
2022-05-28,0.006522241153916752,0.018961351496110446
2022-05-29,0.02166399017895948,0.030304641628396745
2022-05-30,0.07459222816391886,0.09691791883629897
2022-05-31,0.002075607477006969,-0.02747898255305259
2022-06-01,-0.06474693067083415,-0.06309150106858485
2022-06-02,0.022182633910983185,0.005785684367308974
2022-06-03,-0.025365289710190808,-0.032736727338603444
2022-06-04,0.004317415368904065,0.014835719294589822
2022-06-05,0.0024689858570869916,0.001993703985638362
2022-06-06,0.04779217112896639,0.029520384068370653
2022-06-07,-0.0068833346588697,-0.024633518924955133
2022-06-08,-0.03067294698343126,-0.011351689292159683
2022-06-09,-0.0033934595457960626,-0.002090874000233889
2022-06-10,-0.03474221923779908,-0.07226794597572272
2022-06-11,-0.025173197410301995,-0.08480274498246576
2022-06-12,-0.058001081518820996,-0.05678857147225713
2022-06-13,-0.17405255177667023,-0.18212592105140768
2022-06-14,-0.012556416941055915,0.005860412842475071
2022-06-15,0.016349175083862022,0.017623958102007897
2022-06-16,-0.10211240133010335,-0.1440820564562424
2022-06-17,0.00439781088256197,0.017443704896269452
2022-06-18,-0.07366571122488885,-0.08936282394912354
2022-06-19,0.077653019524071,0.12652513202322702
2022-06-20,0.0022484805325770907,-1.244898015517748e-05
2022-06-21,0.005376928208097098,-0.0025020322273014983
2022-06-22,-0.03556200532463194,-0.06748368424041118
2022-06-23,0.0535199496525518,0.0838512494246011
2022-06-24,0.006889809613761955,0.07045094629825144
2022-06-25,0.012668381046625043,0.01344167032550736
2022-06-26,-0.02234031636729661,-0.03570601300787768
2022-06-27,-0.013975180844797208,-0.005139739154583545
2022-06-28,-0.022179692795420536,-0.042004449477135
2022-06-29,-0.008746512259888206,-0.04068749910629332
2022-06-30,-0.016009711756280964,-0.02921858312549741
2022-07-01,-0.026393611667963057,-0.007081609166298186
2022-07-02,-0.001407955856373988,0.006344889241281848
2022-07-03,0.002844903976512825,0.006778719510311504
2022-07-04,0.047275427183008034,0.0695094629244224
2022-07-05,-0.002035878126305235,-0.014454281840770022
2022-07-06,0.017582449257883326,0.04517903298010051
2022-07-07,0.05165639338861894,0.04176146365600708
2022-07-08,0.004313222712422515,-0.012265639403590711
2022-07-09,-0.00641274116384416,-0.004532075174141781
2022-07-10,-0.03447747972502668,-0.04073428906365795
2022-07-11,-0.04359596339476646,-0.06284185873394499
2022-07-12,-0.032915621389021155,-0.05531440989743608
2022-07-13,0.0449367599448216,0.07010607675696257
2022-07-14,0.017549651263241373,0.06764856552378617
2022-07-15,0.012868197042893215,0.03431991926987976
2022-07-16,0.016846296291969765,0.0924932683335653
2022-07-17,-0.01958489970974675,-0.01039723937383652
2022-07-18,0.07891967823012891,0.16496206658988743
2022-07-19,0.03940528200341831,-0.02290054563807864
2022-07-20,-0.0067652436363694335,-0.014870158627478425
2022-07-21,-0.0028926217700480095,0.036523102062553825
2022-07-22,-0.019601945764883055,-0.025269428257882254
2022-07-23,-0.011044710597188256,0.007705564304018253
2022-07-24,0.006375470790258575,0.031874910670467216
2022-07-25,-0.05675565978203245,-0.10130187270170765
2022-07-26,-0.00572504382684258,-0.002477607470249943
2022-07-27,0.07659542154936183,0.12649942102926826
2022-07-28,0.03905783089201442,0.05310195450870303
2022-07-29,-0.0016476446914399645,0.0011230310443703928
2022-07-30,-0.006254683466181632,-0.018366886660012405
2022-07-31,-0.013589886059607537,-0.008557982564043165
2022-08-01,-0.0009730647082903943,-0.027934007780179293
2022-08-02,-0.014520247082613125,-0.001377153803670872
2022-08-03,-0.0057440617075421585,-0.008654237260967257
2022-08-04,-0.009479525568520941,-0.006612007743759918
2022-08-05,0.02867589908816015,0.07430466515209044
2022-08-06,-0.014185359813053466,-0.023714658344009543
2022-08-07,0.009303252730044065,0.004537152465114325
2022-08-08,0.026971545344579795,0.04384483523495053
2022-08-09,-0.02747099349637594,-0.041685052823300595
2022-08-10,0.033256795053882016,0.08372108672275491
2022-08-11,0.00041276206736817755,0.015795510583422434
2022-08-12,0.018415982056897207,0.03961592493298838
2022-08-13,0.0008704221288589054,0.012233023023377143
2022-08-14,-0.004297383077330963,-0.02273348086681004
2022-08-15,-0.00752687118445472,-0.01696140471725105
2022-08-16,-0.010565706274135778,-0.013795147342323233
2022-08-17,-0.023181944883864603,-0.02432783915137371
2022-08-18,-0.005295957030778453,0.007613161970514426
2022-08-19,-0.10602664190168731,-0.13547900254973122
2022-08-20,0.013724431302662765,-0.022561220905913615
2022-08-21,0.017239723512556537,0.026478964213690226
2022-08-22,-0.00629880257162263,0.00196610911634032
2022-08-23,0.006018593854662413,0.024513043794159195
2022-08-24,-0.006200333278529868,-0.0034403572095689228
2022-08-25,0.009577016652956516,0.02349750954116736
2022-08-26,-0.06408571655966355,-0.11790172517616782
2022-08-27,-0.01083244981392717,-0.010928315201041094
2022-08-28,-0.02142993430725504,-0.04165479410441808
2022-08-29,0.03413499162998335,0.08215545380759437
2022-08-30,-0.025001327783567007,-0.018979874883733316
2022-08-31,0.012696624168793136,0.01939676635759824
2022-09-01,0.0038518173635360142,0.020697077972305244
2022-09-02,-0.0078494796911599,-0.005662471163262239
2022-09-03,-0.006918477935498046,-0.01298497735419435
2022-09-04,0.007766470822270222,0.013251957382191648
2022-09-05,-0.00876115199617189,0.02475481275671676
2022-09-06,-0.05044806467236107,-0.034879837993163854
2022-09-07,0.023745153749135994,0.04271652328035813
2022-09-08,0.0020460703035372063,0.003332842816661241
2022-09-09,0.10086009766789061,0.049937018306109415
2022-09-10,0.013905238413398635,0.03268591999770809
2022-09-11,0.004083651963044943,-0.00814231243325736
2022-09-12,0.027242163871664005,-0.02764318581101044
2022-09-13,-0.09728219892342338,-0.08076942156538802
2022-09-14,-0.0027439686753734094,0.03356951498102845
2022-09-15,-0.027034586241262204,-0.10507918310363529
2022-09-16,0.0036162281734331003,-0.02702906893553436
2022-09-17,0.017794492715736965,0.025701973559884905
2022-09-18,-0.0358128060475007,-0.09590889103782896
2022-09-19,0.006396912022912815,0.0311225233579302
2022-09-20,-0.034000477547087016,-0.03934969828540069
2022-09-21,-0.01834481351522399,-0.05572299594239016
2022-09-22,0.04564167754912951,0.058205581933537864
2022-09-23,-0.0059885762967120115,0.00043626420653364306
2022-09-24,-0.018864440709329244,-0.007759112680025382
2022-09-25,-0.007149858037086787,-0.0182046199518604
2022-09-26,0.022121968157295058,0.031265383978659855
2022-09-27,-0.0058500341701694936,-0.0038961643168269333
2022-09-28,0.016409099157190354,0.005460630480265571
2022-09-29,0.007504185755092152,-0.0013157527695160098
2022-09-30,-0.007243323491751497,-0.0057618546548363625
2022-10-01,-0.00617871650655033,-0.012376340653965201
2022-10-02,-0.013973887936277407,-0.027478161506315324
2022-10-03,0.02997417630734489,0.0364303469280447
2022-10-04,0.035702295702778386,0.02881333572263589
2022-10-05,-0.008698206075026249,-0.006843159492428974
2022-10-06,-0.010234041758595325,-0.000833918409362866
2022-10-07,-0.02068782806747471,-0.01430045667517632
2022-10-08,-0.006687387417162682,-0.012852418091934936
2022-10-09,0.0015365479891418232,0.005385515470594626
2022-10-10,-0.01580535214708867,-0.02392409175736354
2022-10-11,-0.00471640371270432,-0.009150090604977734
2022-10-12,0.0055498963744717855,0.011909867196354007
2022-10-13,0.011700026522296625,-0.005251573208947313
2022-10-14,-0.010228526229370871,0.0071924907034786045
2022-10-15,-0.0061705466755910265,-0.017533761159326033
2022-10-16,0.010458171486817491,0.024350585046003737
2022-10-17,0.01456349413146718,0.019270416930953438
2022-10-18,-0.011127327349329974,-0.016098234511295217
2022-10-19,-0.010130621895941161,-0.01903057334023117
2022-10-20,-0.004492679159129764,-0.0019800623239234483
2022-10-21,0.0062119106533931046,0.012965360297434003
2022-10-22,0.001861391394053058,0.010980550094731534
2022-10-23,0.018508150954172464,0.03671247624466556
2022-10-24,-0.011381303255268094,-0.013623143801651416
2022-10-25,0.038050125599863094,0.08318355022279
2022-10-26,0.03301719435894768,0.06930990366099632
2022-10-27,-0.0236079843216217,-0.03388364585290393
2022-10-28,0.015142492579418132,0.02678010101365569
2022-10-29,0.010775490653264441,0.04045717937677207
2022-10-30,-0.008822978719624786,-0.01801346009946858
2022-10-31,-0.006799218852899358,-0.011423459268427472
2022-11-01,-0.0005124320157943174,0.004434768101308606
2022-11-02,-0.01603042401585597,-0.0387171547563927
2022-11-03,0.002501116490787325,0.00775420015084638
2022-11-04,0.04533199824767209,0.07152224436768062
2022-11-05,0.006385182519711208,-0.010464528701810139
2022-11-06,-0.016878487268053632,-0.034834612836107226
2022-11-07,-0.01558785986522615,-0.002320048416360798
2022-11-08,-0.10542864681146114,-0.16286927969588216
2022-11-09,-0.15488954817014822,-0.1918441498664274
2022-11-10,0.10203740901128455,0.1664878018308018
2022-11-11,-0.03191845360130152,-0.009466648272293376
2022-11-12,-0.013898139747380966,-0.025136341911160542
2022-11-13,-0.02689670498469887,-0.027008436018424398
2022-11-14,0.01606473240459927,0.01606338489122816
2022-11-15,0.01590431717951546,0.008127260568098649
2022-11-16,-0.012825680370736947,-0.02929168164834728
2022-11-17,0.0010839194206493374,-0.012244712791507517
2022-11-18,0.000614627845701321,0.009524465435230667
2022-11-19,0.0008242927596793237,0.005040860358800359
2022-11-20,-0.02543603029442032,-0.06437080909304171
2022-11-21,-0.031459062587073205,-0.030314520385908317
2022-11-22,0.025174715080391152,0.02391031482250572
2022-11-23,0.025667956985737206,0.041436812501330245
2022-11-24,-0.00037586363225727837,0.017413073703338888
2022-11-25,-0.00498837489510251,-0.004209279937229304
2022-11-26,-0.0034899891216237933,0.005798400099243928
2022-11-27,-0.001194466804580685,-0.008972058837566799
2022-11-28,-0.013918848240971116,-0.021175011046580927
2022-11-29,0.01394046411034644,0.03923025892901855
2022-11-30,0.04305976658394428,0.06273462567793686
2022-12-01,-0.011802068595368809,-0.01509745296550058
2022-12-02,0.0071369860458059264,0.014027755399922626
2022-12-03,-0.010614234867796668,-0.04017543678819546
2022-12-04,0.01305884246336575,0.0292633643109248
2022-12-05,-0.009128269217153928,-0.016205373550587154
2022-12-06,0.006733035250819697,0.0094631181872602
2022-12-07,-0.014224977832437702,-0.03132434910984916
2022-12-08,0.02261420008103876,0.038737917295217805
2022-12-09,-0.00583837050588798,-0.013225254083277349
2022-12-10,-0.00025846420531472347,0.0016591389560041137
2022-12-11,-0.0014331967973895132,-0.001988438422173111
2022-12-12,0.005959927912305929,0.0084700455258373
2022-12-13,0.03286478873072873,0.03540038140457824
2022-12-14,0.001928930642170812,-0.008533116264882956
2022-12-15,-0.025628381021023827,-0.033372777943086795
2022-12-16,-0.04218980898150093,-0.08062686389052143
2022-12-17,0.008827572352892332,0.016882136897420352
2022-12-18,-0.0022123311713588834,-0.0028946686283548573
2022-12-19,-0.01917645189485384,-0.014543609111301592
2022-12-20,0.027988705082472976,0.04200799338122785
2022-12-21,-0.005264509420177532,-0.00337567189132848
2022-12-22,0.0007612154110798741,0.00376856029563033
2022-12-23,-0.0019858084288220113,0.0016218362460937996
2022-12-24,0.003019956154723502,0.0008103326602286742
2022-12-25,-0.00034250967397042587,-0.0017921515742562732
2022-12-26,0.004609855984671896,0.0065515667181816895
2022-12-27,-0.012048246868378243,-0.011626442101574597
2022-12-28,-0.009895050300251285,-0.018983218255146816
2022-12-29,0.00540864482552017,0.009708508365279478
2022-12-30,-0.0023916958787602027,-0.001968112224385088
2022-12-31,-0.0033236656495585493,-0.002054711668669107
2023-01-01,0.004677606311577875,0.0034979727916244485
2023-01-02,0.0038057006847047603,0.01133614625718593
2023-01-03,-0.0005162548994981364,0.00010059323385824825
2023-01-04,0.010934153962034898,0.0337892470301151
2023-01-05,-0.001572817718438202,-0.004856888032440665
2023-01-06,0.006820792235552986,0.015033458138128175
2023-01-07,0.00018340582830411734,-0.0040326411956712604
2023-01-08,0.007993082349020852,0.018098033492420562
2023-01-09,0.006148589187306541,0.026203702356813352
2023-01-10,0.014418133870886862,0.011321724802568767
2023-01-11,0.027621150497731506,0.03769675589136412
2023-01-12,0.050803180490186506,0.021388637532641752
2023-01-13,0.053649212803669855,0.023472599213271828
2023-01-14,0.052192440560840936,0.06603425849276157
2023-01-15,-0.0045631527773633,0.0011424277960365714
2023-01-16,0.01373771995227635,0.015565394516856124
2023-01-17,-0.00038332437933341623,-0.005715972671190173
2023-01-18,-0.022592831153300352,-0.033952738308498986
2023-01-19,0.01905533410289806,0.024152930294644825
2023-01-20,0.07268455261104734,0.06676655019692035
2023-01-21,0.004447222994452105,-0.01985903666710165
2023-01-22,-0.0025147902304318848,0.0007764804081364929
2023-01-23,0.009375442198569672,-8.0439790542286e-05
2023-01-24,-0.013077079200906283,-0.044999808582073975
2023-01-25,0.02104318470132327,0.03478969998133863
2023-01-26,-0.003687148593844114,-0.005353413924201966
2023-01-27,0.0019930464741655385,-0.003092196850388085
2023-01-28,-0.0020663143130938977,-0.01622536325299606
2023-01-29,0.03177133538504506,0.045817243523645246
2023-01-30,-0.040096914665952,-0.04907132817840765
2023-01-31,0.013012288539513861,0.012181319413260283
2023-02-01,0.02494573459000371,0.03423612426550271
2023-02-02,-0.010674749877368939,0.000882092848913274
2023-02-03,-0.0009611362476711349,0.013001459829638407
2023-02-04,-0.005022313742864881,0.0013887962452248104
2023-02-05,-0.016254488231275843,-0.02147187445568921
2023-02-06,-0.008555376421284677,-0.009482405582902587
2023-02-07,0.021910195714932357,0.03391579345123574
2023-02-08,-0.014063722484005226,-0.012813015981606668
2023-02-09,-0.050072947921117716,-0.06525524381958814
2023-02-10,-0.007722817724904019,-0.020625312701673337
2023-02-11,0.010095720621825066,0.016405796026875308
2023-02-12,-0.003787160762945163,-0.016297178166479576
2023-02-13,0.0009128497942381131,-0.005206681693073811
2023-02-14,0.018747466050136552,0.032449689868605525
2023-02-15,0.089770007863196,0.07238352581533469
2023-02-16,-0.02855810148156479,-0.020326734323949935
2023-02-17,0.03910624942609964,0.03281742398510534
2023-02-18,0.00307582364881398,-0.001750348732307394
2023-02-19,-0.012809719094438066,-0.006156268459437619
2023-02-20,0.02040504474431515,0.012552360417918962
2023-02-21,-0.015946381537723653,-0.02656664741058279
2023-02-22,-0.010180396881002807,-0.00896915151985489
2023-02-23,-0.010027916762018307,0.004761050728024685
2023-02-24,-0.03179206740644425,-0.026202681869557765
2023-02-25,-0.0009812480831641324,-0.008402822836841572
2023-02-26,0.016511545833870045,0.028373981800463355
2023-02-27,-0.0016286524916946377,-0.003963631545003565
2023-02-28,-0.0160927308751031,-0.01754941975322133
2023-03-01,0.021336804939162235,0.03520264772922932
2023-03-02,-0.00726135020948071,-0.009734647607412938
2023-03-03,-0.048562425729771874,-0.04860403256495971
2023-03-04,-0.0004173035221199939,-0.0014308592008989152
2023-03-05,0.003668954675324798,-0.001568120599037215
2023-03-06,-0.0002565841781922984,0.0018710450294197045
2023-03-07,-0.009406138966042477,-0.003493130227960606
2023-03-08,-0.022837315061131847,-0.017987989214627298
2023-03-09,-0.06442451332853238,-0.06422357742675988
2023-03-10,-0.008669656883114385,-0.006627141274041293
2023-03-11,0.02181222124411164,0.03672305026517453
2023-03-12,0.07160391184532955,0.07010968968857512
2023-03-13,0.0877836343684848,0.05505942491105564
2023-03-14,0.022416164797506966,0.01371143305979583
2023-03-15,-0.015069419825618269,-0.028175041342572094
2023-03-16,0.027387721969649448,0.012620877536400954
2023-03-17,0.09043081735478786,0.06646803468576667
2023-03-18,-0.016843655914946964,-0.017346627309422935
2023-03-19,0.03901251239696357,0.013484995730340898
2023-03-20,-0.009728058677074714,-0.028548776334941905
2023-03-21,0.014607259457310562,0.04034301947848995
2023-03-22,-0.03130493478602503,-0.03896339040133423
2023-03-23,0.036902430921442075,0.04428714992096072
2023-03-24,-0.03011973318555583,-0.036075793416849855
2023-03-25,5.1715836265842086e-05,-0.004737125758272676
2023-03-26,0.018008477903471487,0.018135185174940283
2023-03-27,-0.030997440056031778,-0.03449988069985199
2023-03-28,0.004714100093913487,0.03287037834465423
2023-03-29,0.03885339931269094,0.011339095932983767
2023-03-30,-0.01116959874133272,-0.00014761165660459596
2023-03-31,0.015746414888454296,0.016203321208017485
2023-04-01,-0.00237123642140169,-0.00448942577426692
2023-04-02,-0.007480171844974848,-0.01005805415112615
2023-04-03,-0.014613274150395483,0.0080915405547195
2023-04-04,0.013505585874638015,0.0329848014817582
2023-04-05,0.000351205704706814,0.02016347974236954
2023-04-06,-0.004761257346579839,-0.019139164759577554
2023-04-07,-0.0042266008962954515,-0.003898030660272944
2023-04-08,0.0007851839396586513,-0.008687729568505276
2023-04-09,0.013690692528907533,0.00533296084743462
2023-04-10,0.04553364675738969,0.027487948366718307
2023-04-11,0.01943948956433239,-0.010000523048081078
2023-04-12,-0.0031803678161335114,0.014945669987220356
2023-04-13,0.00859013376828166,0.046764233285983
2023-04-14,0.002845797962017116,0.043271218506791165
2023-04-15,-0.005499737167522056,-0.004372194635680948
2023-04-16,-0.00010359312238605867,0.013075196962831548
2023-04-17,-0.029128723276819812,-0.020858880628287224
2023-04-18,0.03183646099781612,0.013535686517086809
2023-04-19,-0.05319953662867327,-0.08326330162021378
2023-04-20,-0.02021112661928015,0.0034510728781596
2023-04-21,-0.03491087727171305,-0.04909785657669996
2023-04-22,0.019624756556398282,0.013011608441518163
2023-04-23,-0.008161741227379338,-0.006512699424307655
2023-04-24,-0.0023965485595702773,-0.010421420187487485
2023-04-25,0.02802320777395373,0.012937850752477331
2023-04-26,0.004057925868579559,-0.0001014931659737428
2023-04-27,0.036313132862295205,0.02236821584430615
2023-04-28,-0.004540602889752776,-0.00856215633488322
2023-04-29,-0.0031328032278832296,0.008630582412970433
2023-04-30,0.0006944394889973893,-0.016901626227117994
2023-05-01,-0.04105285621101551,-0.02425082320841554
2023-05-02,0.02074927029112139,0.020976818915212192
2023-05-03,0.011294600825028311,0.01793880791793878
2023-05-04,-0.005482697825375027,-0.014249430873744195
2023-05-05,0.023524523635352068,0.060624774782092494
2023-05-06,-0.02155362050914711,-0.04870396562452317
2023-05-07,-0.015678412319992674,-0.01438839576966
2023-05-08,-0.027097480312589184,-0.012914162345005309
2023-05-09,-0.0012826051136460848,-0.00023775948934012803
2023-05-10,-0.0013393336115541388,-0.0033604216734151038
2023-05-11,-0.022737627872803756,-0.025234782361343022
2023-05-12,-0.0072780171559241325,0.0063971041386441385
2023-05-13,-0.0007804618022575482,-0.006606274016334623
2023-05-14,0.005457011385946231,0.0024390208808187097
2023-05-15,0.00968368817972376,0.009424453575590519
2023-05-16,-0.005754943306691018,0.0036090792596992216
2023-05-17,0.013305949198469946,-0.0012407311290978384
2023-05-18,-0.020896322938492418,-0.011111257616523318
2023-05-19,0.002156270430170082,0.006009982865915475
2023-05-20,0.008865600285433928,0.004342645541989931
2023-05-21,-0.013947366814537787,-0.00879818857440906
2023-05-22,0.0036358955711435215,0.00718014152808788
2023-05-23,0.013848962643425722,0.020069668217180592
2023-05-24,-0.033270400187896954,-0.029708534807232567
2023-05-25,0.005354526205138654,0.003246632122935189
2023-05-26,0.009139332662057242,0.012510860496010245
2023-05-27,0.005563330344848794,0.0013271675643506953
2023-05-28,0.044309499753600434,0.04265489268130018
2023-05-29,-0.01217111210733357,-0.009377616370766617
2023-05-30,-0.0015702994220330169,0.00418992015706543
2023-05-31,-0.017577792723265873,-0.014249247118841346
2023-06-01,-0.014792581991187603,-0.006385470012631345
2023-06-02,0.01589161106579695,0.023906525289625336
2023-06-03,-0.006422915434420418,-0.007813412940095965
2023-06-04,0.0016214839753008192,-0.001003945584978183
2023-06-05,-0.05141034569889236,-0.042512027518538
2023-06-06,0.0558151185623359,0.03932332901333613
2023-06-07,-0.03332542412080919,-0.028035415163874866
2023-06-08,0.006138366063705547,0.007560256641488294
2023-06-09,-0.0010508601377399174,-0.003296688452609331
2023-06-10,-0.024045314677472618,-0.048910382670582564
2023-06-11,0.003434076224344551,0.0005878929736162775
2023-06-12,-0.0014531650030544796,-0.006228150087489226
2023-06-13,0.000626326955973866,-0.0020054709589318875
2023-06-14,-0.03111535403261989,-0.05224189755336006
2023-06-15,0.017819375410116578,0.009047294268029304
2023-06-16,0.028942773265370647,0.030248430137366
2023-06-17,0.006934900793206467,0.006118292640112877
2023-06-18,-0.006602603438313537,-0.0038439761048234544
2023-06-19,0.019359247201741425,0.009879050169206316
2023-06-20,0.05352849528514092,0.030860224903017652
2023-06-21,0.058274213206820136,0.053710324442616475
2023-06-22,-0.0038377235796946962,-0.009598611426715031
2023-06-23,0.025845905768154154,0.010579014510561535
2023-06-24,-0.004793067902493675,-0.008916332353102518
2023-06-25,-0.0022426607224286244,0.012946551928309624
2023-06-26,-0.006884835938176792,-0.021848693008354125
2023-06-27,0.013682563415242655,0.016148341244193176
2023-06-28,-0.019808917913037405,-0.0332131559261688
2023-06-29,0.01186519753773041,0.013182144849618993
2023-06-30,0.0010472432791654995,0.04278209460658555
2023-07-01,0.0036951443630783842,-0.004470507587039485
2023-07-02,0.0010028094691438838,0.00666621955055291
2023-07-03,0.01734242631795979,0.009222567828285122
2023-07-04,-0.012234379050443778,-0.009638052931704166
2023-07-05,-0.008595533521292609,-0.013540124870224268
2023-07-06,-0.020020299639947226,-0.032962728138784314
2023-07-07,0.014370909980298663,0.011812265778837094
2023-07-08,-0.0016401345457062178,-0.002710277745720191
2023-07-09,-0.004012544787340033,-0.0013569811365048423
2023-07-10,0.008029538805166325,0.009374355145353341
2023-07-11,0.006765948365584862,-0.0011813783970975322
2023-07-12,-0.0075166695389672356,-0.0033181597043778766
2023-07-13,0.03505911799946482,0.06932947889636942
2023-07-14,-0.036955452769761976,-0.034046287285088184
2023-07-15,-0.0012621409438580145,-0.004071755898827689
2023-07-16,-0.001541791528486769,-0.004038588228567619
2023-07-17,-0.0034189652941130078,-0.006276285158143935
2023-07-18,-0.009643886494909992,-0.007375181874016867
2023-07-19,0.0019193869502824867,-0.004537742064350425
2023-07-20,-0.0040836263076453605,0.0010376686367425947
2023-07-21,0.003910458253166382,0.0005873367693247644
2023-07-22,-0.004589155219131058,-0.014462737766929301
2023-07-23,0.010449658783391769,0.012934982819089669
2023-07-24,-0.030633538164858365,-0.020962278559767178
2023-07-25,0.001728455480240143,0.0041749804559234605
2023-07-26,0.0043556533334641045,0.007731056269678405
2023-07-27,-0.0049272385842940025,-0.006324297212905172
2023-07-28,0.0037094442045351173,0.007704082126493539
2023-07-29,0.0012840607690716155,0.003367568817880695
2023-07-30,-0.002783773787438548,-0.01038029102636262
2023-07-31,-0.001545062822442489,-0.0029487547546711568
2023-08-01,0.015130233826088357,0.008385216320092148
2023-08-02,-0.017807507516909737,-0.01762558908303724
2023-08-03,0.0009161807791748799,-0.0021518809047709198
2023-08-04,-0.0035908335462959684,-0.004053453150028474
2023-08-05,-0.001100031889921027,0.003972496999979036
2023-08-06,-9.347994529562698e-06,-0.004109756910986029
2023-08-07,0.0047652738023771235,-0.00028633605358940883
2023-08-08,0.01984638697905261,0.01567804019348351
2023-08-09,-0.006877101417060771,-0.0008138668400405891
2023-08-10,-0.004471948989328567,-0.0019131669226020165
2023-08-11,-0.0010837469218056839,-0.0019627633330054906
2023-08-12,0.0006206039371345895,0.0009553551091290302
2023-08-13,-0.00453334072444278,-0.005211127926941117
2023-08-14,0.004277614074716496,0.002663601415372696
2023-08-15,-0.00812912011875433,-0.00939941254385701
2023-08-16,-0.016193584838703146,-0.011712807846728346
2023-08-17,-0.07362412009606345,-0.06919957367312168
2023-08-18,-0.02333424865381062,-0.014339321685127082
2023-08-19,0.0017891559507905441,0.005120604489073699
2023-08-20,0.003571869420106566,0.009170393112571062
2023-08-21,-0.0025019588646060242,-0.010490772010026461
2023-08-22,-0.0035464695192519713,-0.0202217316335096
2023-08-23,0.015248455549160767,0.02739655111452155
2023-08-24,-0.010239565761125391,-0.011577587413650114
2023-08-25,-0.004393992436940053,-0.004231685246032235
2023-08-26,-0.0015062619864458782,-0.004018077591920743
2023-08-27,0.0031183650409936092,0.006783869824213973
2023-08-28,0.0006305878251211539,-0.003054811549961123
2023-08-29,0.06024989257085167,0.04569933390242298
2023-08-30,-0.015634289371323717,-0.014331940827345235
2023-08-31,-0.05132914544958922,-0.035502048867552816
2023-09-01,-0.005054814300672561,-0.010474907269751199
2023-09-02,0.0026349868784762975,0.005226860039809544
2023-09-03,0.003887765541687571,-0.0005546441744854747
2023-09-04,-0.006069712504034541,-0.003957660792301532
2023-09-05,-0.001257301424429258,0.002435658217280867
2023-09-06,-0.0010380138015939622,-0.0008433099527618282
2023-09-07,0.018732105501950258,0.009357779476783179
2023-09-08,-0.012831149860508262,-0.0069801564178675335
2023-09-09,-0.0003851855630792045,-0.0005963768808356917
2023-09-10,-0.0024532679048565598,-0.011275362778105702
2023-09-11,-0.02626188106748195,-0.04115578466077796
2023-09-12,0.026305127952918284,0.0259498511330003
2023-09-13,0.015173852958685785,0.009723232880359589
2023-09-14,0.011800835130971521,0.011738037483995711
2023-09-15,0.00259724140931894,0.008973901904285597
2023-09-16,-0.0015199103541192471,-0.003917595103213323
2023-09-17,-0.0012840741866497751,-0.007565722553831478
2023-09-18,0.008260511389751812,0.008864620568187043
2023-09-19,0.016931102662432806,0.0037780211782596496
2023-09-20,-0.0029114788993922502,-0.012646402630917208
2023-09-21,-0.02102046771669741,-0.02406180356798604
2023-09-22,0.0004491505408559249,0.005640355663340202
2023-09-23,-6.6869020169946225e-06,0.00036991165554223215
2023-09-24,-0.012210127075315214,-0.008192535649686583
2023-09-25,0.0015851607862167327,0.004713840832937244
2023-09-26,-0.0030935695955243148,0.0032022506710491783
2023-09-27,0.00515378285278878,0.0025534902616826116
2023-09-28,0.025063206234960944,0.03408644314956799
2023-09-29,-0.004072674570299029,0.009070790251801242
2023-09-30,0.0020859581206860156,0.0019274733123824106
2023-10-01,0.03697612085638191,0.036802431918316
2023-10-02,-0.01631914578851479,-0.041321046804450035
2023-10-03,-0.003668317065944393,-0.004181475758509023
2023-10-04,0.01337771930248266,-0.005354814095119842
2023-10-05,-0.013890662255843012,-0.022313404954047655
2023-10-06,0.019171883788155597,0.02109495122828786
2023-10-07,0.0007955652201818708,-0.006901935694143546
2023-10-08,-0.0012074286830614511,-0.0005891241696129867
2023-10-09,-0.012659387727927296,-0.03345223367968142
2023-10-10,-0.007009006012591357,-0.007684582639813087
2023-10-11,-0.019081220842270596,-0.0009306107553026521
2023-10-12,-0.00434538164717857,-0.017156552988922158
2023-10-13,0.003938005783231446,0.008071359338065243
2023-10-14,-2.4866641728849004e-05,0.002038626645290975
2023-10-15,0.01103076031587058,0.0018070632180871016
2023-10-16,0.048854397304765484,0.026889749083233383
2023-10-17,-0.0036433994327751407,-0.022170848827160583
2023-10-18,-0.003080719749686267,-0.001079958535693315
2023-10-19,0.013724231161472034,0.002367876132082891
2023-10-20,0.032985768982552344,0.02346159661103009
2023-10-21,0.00790129991607813,0.015237024402028787
2023-10-22,0.002519829955234698,0.02072849266209431
2023-10-23,0.09812340552916154,0.05948579411234434
2023-10-24,0.02434275178777412,0.010735750862523652
2023-10-25,0.017581001125126505,0.0016574582065942423
2023-10-26,-0.010083818433932024,0.00926751228138567
2023-10-27,-0.007253169256571823,-0.01338940328127336
2023-10-28,0.005287514961398898,-0.0019271573654480179
2023-10-29,0.013082482218138125,0.010597516022088804
2023-10-30,-0.0010462557765205105,0.00806664170652649
2023-10-31,0.004782938801692893,0.0035131858560220053
2023-11-01,0.021952875620689483,0.016722284071565063
2023-11-02,-0.014181643038138958,-0.02547968734077255
2023-11-03,-0.005911206955145687,0.01771062499242948
2023-11-04,0.010022958693683748,0.013496199648099783
2023-11-05,-0.0009365213169942876,0.01943584775415097
2023-11-06,-0.00034198701250787167,0.002994042726694346
2023-11-07,0.011526405303600384,-0.006184419547506259
2023-11-08,0.0059555252934746505,0.0006343545080609303
2023-11-09,0.02869223982446556,0.11546245314063253
2023-11-10,0.016778346050335458,-0.020135351367736476
2023-11-11,-0.004725682318408531,-0.012382586227762005
2023-11-12,-0.002251742592081385,-0.0036735217154317823
2023-11-13,-0.015013537055029502,0.00491574512792603
2023-11-14,-0.02678435783979438,-0.03778672714976228
2023-11-15,0.0638461992762771,0.04028598695417074
2023-11-16,-0.046629756190665006,-0.049510074669642634
2023-11-17,0.012148746966680335,0.0002035458439886284
2023-11-18,-0.0003000850156649193,0.0010213984116562713
2023-11-19,0.021653391391504684,0.025108607052151122
2023-11-20,0.0024153344549944222,0.0044776653827653945
2023-11-21,-0.04539262192194826,-0.04303052460772694
2023-11-22,0.044201389467836805,0.06367702325591118
2023-11-23,-0.0038199994154339834,-0.0010733196866974382
2023-11-24,0.01148288092363181,0.009143074911916571
2023-11-25,0.002026342935600667,0.0015656876553507004
2023-11-26,-0.00844024984109204,-0.010187400160361904
2023-11-27,-0.0060201767439203024,-0.017537176077818017
2023-11-28,0.015367313611232447,0.010754134098833745
2023-11-29,0.0007241750284947557,-0.00951596471618732
2023-11-30,-0.003857188998471983,0.011085004780645669
2023-12-01,0.02555073011462916,0.01670873631853187
2023-12-02,0.02015244313871989,0.03695087239059447
2023-12-03,0.012637770520489866,0.012840281062667103
2023-12-04,0.04885656688656326,0.02232466063191474
2023-12-05,0.048825234559730646,0.022317582058231977
2023-12-06,-0.007610515703399656,-0.027481732281026794
2023-12-07,-0.010427160036986294,0.05488917505378765
2023-12-08,0.019985683234800433,0.0004886631288902876
2023-12-09,-0.010026349184727223,-0.007471093126813599
2023-12-10,0.0012276882664217226,0.00480964889927904
2023-12-11,-0.0596686466968368,-0.055895093990288025
2023-12-12,0.004991678164291358,-0.010184285922753666
2023-12-13,0.034162749571038376,0.026268465157370358
2023-12-14,0.003101461159202401,0.024439772933183335
2023-12-15,-0.0257616788095838,-0.0428828883863428
2023-12-16,0.0073746285491580466,0.003413705907421516
2023-12-17,-0.02094342240847169,-0.013765763969279199
2023-12-18,0.029979669511789098,0.009421633885768443
2023-12-19,-0.008316570718614358,-0.017929749988652155
2023-12-20,0.03216473724475044,0.010977281118820237
2023-12-21,0.004956565640048538,0.01694580433910442
2023-12-22,0.0029305657871940838,0.03810410081071769
2023-12-23,-0.005889392398977122,-0.007541076327141738
2023-12-24,-0.01667770259648016,-0.01895432745543424
2023-12-25,0.013783631646973049,0.0030274349100105624
2023-12-26,-0.025374479539831185,-0.018249257910317063
2023-12-27,0.02146239120433968,0.06391246238319326
2023-12-28,-0.01893848326303349,-0.013191815850142952
2023-12-29,-0.012474379352008569,-0.020169744950323754
2023-12-30,0.0013648832366826014,-0.003756025395833973
2023-12-31,0.0025653289520555234,-0.004632851164384277
2024-01-01,0.0440216648373255,0.030584931182947805
2024-01-02,0.0177426040136055,0.0014904091458287638
2024-01-03,-0.04806495357875562,-0.06355859889814752
2024-01-04,0.03060735771828682,0.026018755301935315
2024-01-05,-0.0003900828451524063,-0.00017227688370358152
2024-01-06,-0.003936304127510226,-0.011982773739482866
2024-01-07,-0.0010484808007760194,-0.008403601048354581
2024-01-08,0.06662426635587337,0.0483716762657842
2024-01-09,-0.017845417106437722,0.00504267290230942
2024-01-10,0.010522032751948629,0.09639269438375209
2024-01-11,-0.005574241147522585,0.014424558155059053
2024-01-12,-0.07884262883299442,-0.037001681326647606
2024-01-13,-0.00025170866418555704,0.02044262579299705
2024-01-14,-0.02472077535535888,-0.0413447734238197
2024-01-15,0.016978564046420175,0.015700827990378308
2024-01-16,0.015011364505806313,0.02994009487308702
2024-01-17,-0.009599712825862028,-0.02319145193667982
2024-01-18,-0.03525390600437994,-0.024564125366991263
2024-01-19,0.008599127738074586,0.009070841056131762
2024-01-20,0.001132983453546288,-0.008029513578219571
2024-01-21,-0.0028794349245568895,-0.006367856754760481
2024-01-22,-0.05030891028125595,-0.0600787119528734
2024-01-23,0.008523584257922323,-0.0308231317333183
2024-01-24,0.005793705727986875,-0.0031845681835731554
2024-01-25,-0.0035811572894939303,-0.00712229205759396
2024-01-26,0.04607657449481728,0.022070236302984547
2024-01-27,0.007224112855396925,0.0003026532897134615
2024-01-28,-0.002007256017307668,-0.004719134760412302
2024-01-29,0.029364415736914395,0.026171977924215994
2024-01-30,-0.007783744989936281,0.011768494889621728
2024-01-31,-0.008651552809046947,-0.026778651706552914
2024-02-01,0.011514890294240132,0.00927985755123295
2024-02-02,0.0025523745302447054,0.0018271922941490715
2024-02-03,-0.004493245492151132,-0.005212677612854044
2024-02-04,-0.00955108622874512,-0.0028315656930750777
2024-02-05,0.001761707531647616,0.0040723193113709755
2024-02-06,0.009936804708699398,0.031392671147167484
2024-02-07,0.028228646210280317,0.02149531563499618
2024-02-08,0.021945671282114887,-0.0015850123660969828
2024-02-09,0.039932995408412,0.02755557080068538
2024-02-10,0.013149960695063356,0.005497448377436598
2024-02-11,0.010881064258583706,0.002532458884251909
2024-02-12,0.033881478531652576,0.058303209983911586
2024-02-13,-0.0043285887601172135,-0.0060112477475167125
2024-02-14,0.04104684951040838,0.05008974934052901
2024-02-15,0.002156009229107525,0.01659239395526768
2024-02-16,0.004258432609761442,-0.0073515759483138154
2024-02-17,-0.009578029497786744,-0.006088638007301306
2024-02-18,0.008855834280712571,0.03259406294966638
2024-02-19,-0.006610163694045212,0.0221823962784109
2024-02-20,0.00971967933731932,0.023478679670532188
2024-02-21,-0.008560904315229934,-0.014421777074224096
2024-02-22,-0.010358547640015203,0.00021942961373699887
2024-02-23,-0.011231806115512555,-0.01674972883315018
2024-02-24,0.016405594130217693,0.02391972503621176
2024-02-25,0.003139013368237187,0.039418580379182444
2024-02-26,0.05251118765694507,0.021075046883897386
2024-02-27,0.04593621644047374,0.020402514436179686
2024-02-28,0.09069529297704193,0.042594619378036214
2024-02-29,-0.021122414270019263,-0.013016423301078106
2024-03-01,0.02009546578842425,0.02748723730369207
2024-03-02,-0.006600547312091365,-0.0037929033703285597
2024-03-03,0.018172204659013147,0.019946680202618694
2024-03-04,0.0785670808490071,0.03916574587631594
2024-03-05,-0.06858298181492017,-0.021007050416047335
2024-03-06,0.0354997002008659,0.07170276235487805
2024-03-07,0.012308140052516237,0.014329434214495507
2024-03-08,0.02033131223698703,0.004561544550282903
2024-03-09,0.0029062966320196892,0.005983487605016435
2024-03-10,0.007575825657205826,-0.008779723722582844
2024-03-11,0.043992298582747225,0.04662655990742692
2024-03-12,-0.008949836049348292,-0.02141871171114751
2024-03-13,0.022166899064075096,0.006556858930506948
2024-03-14,-0.023352461458381768,-0.03126311464191822
2024-03-15,-0.028308923292000188,-0.03883742613255059
2024-03-16,-0.060717725206297146,-0.05853358644087692
2024-03-17,0.0460122407046093,0.03337320749759698
2024-03-18,-0.012388507554367933,-0.03475798464587143
2024-03-19,-0.08712073185700753,-0.10807041521511351
2024-03-20,0.0925108529687737,0.10676425828400937
2024-03-21,-0.03631867422621404,-0.005823806495557804
2024-03-22,-0.026498446652158947,-0.04667925447782295
2024-03-23,0.004434288665400743,0.0008713292933908434
2024-03-24,0.048327093150678735,0.03476671005015852
2024-03-25,0.039725047694879834,0.038681118505865086
2024-03-26,0.00041477860656335963,-0.000941410852490776
2024-03-27,-0.007637444542950789,-0.024661050087006586
2024-03-28,0.018397189971880223,0.01732805454941122
2024-03-29,-0.012118158012203395,-0.013993468162302847
2024-03-30,-0.0035477570486825982,-0.0011002718123069855
2024-03-31,0.023952858696302926,0.039109513188567036
2024-04-01,-0.023137002333259105,-0.03994063181430363
2024-04-02,-0.06299090436988486,-0.06719912514608062
2024-04-03,0.008123743073319645,0.010383749354783589
2024-04-04,0.03759886271186197,0.005600762073500576
2024-04-05,-0.009845630418288565,-0.0033555146414272485
2024-04-06,0.015482496362563936,0.010579513784222172
2024-04-07,0.006747455363626642,0.02917818085012769
2024-04-08,0.03218579409702116,0.06767311879336724
2024-04-09,-0.03541376120378814,-0.052822654510865874
2024-04-10,0.020739301242535646,0.010944718575245815
2024-04-11,-0.007497782584511725,-0.010920619373457896
2024-04-12,-0.04174897018143575,-0.07775162512730915
2024-04-13,-0.051522049715234886,-0.07626517308246328
2024-04-14,0.02959850149495935,0.04935938456731037
2024-04-15,-0.035810999496508344,-0.01768558655178687
2024-04-16,0.006061920177229396,-0.005392438667119137
2024-04-17,-0.040539585349945284,-0.03301731292502197
2024-04-18,0.035841202086146495,0.0268743124339057
2024-04-19,0.005195142876912584,-0.0022036534993663537
2024-04-20,0.01786587188650479,0.03164173368360679
2024-04-21,-0.0010436624765670643,-0.0032795465278034897
2024-04-22,0.029008901759276284,0.01712564563340635
2024-04-23,-0.00646039848991542,0.005686954607986294
2024-04-24,-0.03260630131627096,-0.025193160248653257
2024-04-25,0.0031812827691908296,0.005306083224290603
2024-04-26,-0.01132893521901579,-0.008381181989109976
2024-04-27,-0.005286917956356163,0.038236263028071704
2024-04-28,-0.004835296290155,0.003256039198799243
2024-04-29,0.011467091787556782,-0.01461718369681897
2024-04-30,-0.05149462971654195,-0.06526122564673109
2024-05-01,-0.04008992348065732,-0.014210098365436963
2024-05-02,0.014814392549697075,0.006171195717810107
2024-05-03,0.061757206498247896,0.03788339383392447
2024-05-04,0.015801344389048566,0.004511872854834564
2024-05-05,0.002183511056964349,0.006290398503118411
2024-05-06,-0.0136673647637231,-0.024040038580963596
2024-05-07,-0.013181929995647934,-0.018503998431244284
2024-05-08,-0.018569986258492932,-0.011009687024775339
2024-05-09,0.029977308604179242,0.020755029698057648
2024-05-10,-0.03645645463548952,-0.042466267818291215
2024-05-11,1.535686675779857e-05,0.000622116039040499
2024-05-12,0.010711364152793834,0.005855826173073453
2024-05-13,0.023371494237876433,0.007028779746073077
2024-05-14,-0.02167403811158053,-0.023395786097884397
2024-05-15,0.07380429766149987,0.05269655364749681
2024-05-16,-0.01575572439715245,-0.03073550264355429
2024-05-17,0.02752283490504759,0.049349767153890944
2024-05-18,-0.0016578568052914022,0.009274638996405571
2024-05-19,-0.00994515955321873,-0.016500026654837185
2024-05-20,0.07510908882529854,0.17623828680106612
2024-05-21,-0.0185288571822948,0.03366866891949982
2024-05-22,-0.014565869510185792,-0.013843244909626407
2024-05-23,-0.017406596587758116,0.010569357450195938
2024-05-24,0.00874339466804841,-0.013324716440008544
2024-05-25,0.010738658385429645,0.005966173775719952
2024-05-26,-0.01085552305803894,0.020240831539787507
2024-05-27,0.012710548993759119,0.017131850662019943
2024-05-28,-0.015953999045956735,-0.01338579915596938
2024-05-29,-0.01057052909384737,-0.020270383528343316
2024-05-30,0.011577009906272195,-0.004353355314895779
2024-05-31,-0.012860492770807141,0.0035106521272609825
2024-06-01,0.003188258104856345,0.014042427874061403
2024-06-02,0.0006594499605228066,-0.008507445185164997
2024-06-03,0.015425138658129,-0.0038442575052393124
2024-06-04,0.025300225248924946,0.0121725442811087
2024-06-05,0.007272217816602478,0.01348115279251516
2024-06-06,-0.0045918902720174515,-0.013719845755309379
2024-06-07,-0.020194557079891595,-0.0355104420599659
2024-06-08,-0.0005310196389043398,0.0006306884744766705
2024-06-09,0.0049256591265880445,0.0067563141649671365
2024-06-10,-0.0019504270460224404,-0.0106303162786201
2024-06-11,-0.03186737491787994,-0.047010981983525824
2024-06-12,0.013412234174300153,0.01736727097632773
2024-06-13,-0.021998155421160348,-0.02570570471426059
2024-06-14,-0.01122733440538859,0.003163003855718216
2024-06-15,0.0027216870164856743,0.024207752622055878
2024-06-16,0.0067461931212005055,0.01531147381665221
2024-06-17,-0.002234669798733435,-0.03062085911785495
2024-06-18,-0.020505771883152946,-0.007919203929082741
2024-06-19,-0.002773987515325871,0.02148760966865204
2024-06-20,-0.002028534277712879,-0.013651565186732384
2024-06-21,-0.011362664075990736,0.0014198534045650746
2024-06-22,0.0024367818200783375,-0.006065499463016266
2024-06-23,-0.016821441362001366,-0.02204543857142305
2024-06-24,-0.04704293399341175,-0.020197702440775345
2024-06-25,0.025020978589857634,0.013275453882714672
2024-06-26,-0.016203198264060248,-0.007554691510726741
2024-06-27,0.01296454786345791,0.02210837657707465
2024-06-28,-0.02107381200861269,-0.020874913112926663
2024-06-29,0.009359920064692773,-0.00019808867294024424
2024-06-30,0.02898927273172447,0.017609225609108492
2024-07-01,0.0027672625269055118,0.002168527672019138
2024-07-02,-0.013180176056291515,-0.0069966389780358185
2024-07-03,-0.03036320250661717,-0.03680039448140526
2024-07-04,-0.05457904895434851,-0.07515061496466657
2024-07-05,-0.005549607840752202,-0.024163495976736726
2024-07-06,0.02855238562508866,0.029015301659585546
2024-07-07,-0.04300921718932038,-0.04668165550352654
2024-07-08,0.015210533790654068,0.030043596872678435
2024-07-09,0.022737964112149456,0.01489515499918781
2024-07-10,-0.004608673369846272,0.012385572618809348
2024-07-11,-0.006909245978269141,-0.0006087624106836387
2024-07-12,0.00962398455810387,0.01085195919458748
2024-07-13,0.022753003242582892,0.013639128129380396
2024-07-14,0.02592785026300426,0.020831613713459873
2024-07-15,0.06499862039498083,0.07294205174734003
2024-07-16,0.0034931297826741314,-0.013281276223358063
2024-07-17,-0.015143242454824346,-0.016030453163747183
2024-07-18,-0.002259714160352644,0.011007020314281135
2024-07-19,0.041879420109635745,0.022931297342607238
2024-07-20,0.006774946348331312,0.003860642072703868
2024-07-21,0.014645375370143654,0.004906557962796043
2024-07-22,-0.00838776669011132,-0.027573825719519718
2024-07-23,-0.024831503546284495,0.012012115141502022
2024-07-24,-0.008462196557577073,-0.0427314448060816
2024-07-25,0.006177613679945182,-0.04974698344282302
2024-07-26,0.03193999219319821,0.03148111446436275
2024-07-27,-0.0014547988961393088,-0.008689637908709358
2024-07-28,0.006504525639671854,0.007319076729185525
2024-07-29,-0.02126224566408652,0.014889437070118916
2024-07-30,-0.009305346230673806,-0.012690053134926771
2024-07-31,-0.024183450577487164,-0.014553970196310217
2024-08-01,0.011359846111043126,-0.009243606225471268
2024-08-02,-0.06221701386487055,-0.06970046769621341
2024-08-03,-0.012039486792085441,-0.028061560938994923
2024-08-04,-0.04315788272420917,-0.07767594583538351
2024-08-05,-0.07363198582120134,-0.10558915612966047
2024-08-06,0.03713846509911711,0.017030014802877247
2024-08-07,-0.018131945621423284,-0.05095014041494483
2024-08-08,0.11461585743295721,0.1383747254084131
2024-08-09,-0.013541633552666354,-0.03170999001911223
2024-08-10,0.0010785754296183114,0.00400195298440309
2024-08-11,-0.03721354652343756,-0.021991096048381564
2024-08-12,0.010756599640608044,0.06489200567317877
2024-08-13,0.02092453927711624,-0.007649120910366847
2024-08-14,-0.03137830139166553,-0.015189492393236748
2024-08-15,-0.02024486209713494,-0.03548130840522834
2024-08-16,0.02291143010134178,0.008947435404047965
2024-08-17,0.00988184063726294,0.008203365923541206
2024-08-18,-0.016870237926472242,-0.00045513355798476596
2024-08-19,0.017113663556006742,0.009122422145792619
2024-08-20,-0.008112024604757906,-0.024643999606658973
2024-08-21,0.03598748777475258,0.02240022447604062
2024-08-22,-0.013052114105544632,-0.0032141383843615756
2024-08-23,0.059666677789925515,0.05254044432685667
2024-08-24,0.001319630813085837,0.0017863296523747962
2024-08-25,0.0024052261605422842,-0.007332373143548843
2024-08-26,-0.02284251207913357,-0.02497769480567147
2024-08-27,-0.055192877560907405,-0.08667332605342182
2024-08-28,-0.008040214509268395,0.027949274377879973
2024-08-29,0.006089656742739535,0.00014917213115683836
2024-08-30,-0.004534788620027541,-0.0011754420925305098
2024-08-31,-0.0025333050495834897,-0.004932611857999092
2024-09-01,-0.028281771257720578,-0.034606299423962206
2024-09-02,0.030696731082649364,0.04442249591739866
2024-09-03,-0.0288574422367045,-0.0474331508867607
2024-09-04,0.009367548966837447,0.011653410515005902
2024-09-05,-0.031738730145491445,-0.033735528614387
2024-09-06,-0.04017885990553971,-0.06268304999646546
2024-09-07,0.003532917856169604,0.022335697564614954
2024-09-08,0.012880905395702413,0.010143933626153512
2024-09-09,0.038945513665446185,0.026286807450088823
2024-09-10,0.010973955159395032,0.013099792549208011
2024-09-11,-0.005314110423380924,-0.02103484508209963
2024-09-12,0.013576697629400059,0.009333093465772713
2024-09-13,0.04119072290725079,0.03324019383426968
2024-09-14,-0.009391286288542133,-0.009469418098884574
2024-09-15,-0.013798343779418687,-0.04123324147661833
2024-09-16,-0.016874951656181025,-0.011097393608622497
2024-09-17,0.035717088660708995,0.02002402803394876
2024-09-18,0.021994330568393394,0.011895127545669126
2024-09-19,0.020721119053916937,0.03931566968280631
2024-09-20,0.004004011647404937,0.03833465528030011
2024-09-21,0.003189303016478462,0.021165907208287926
2024-09-22,0.003996604788030211,-0.012693537511001551
2024-09-23,-0.005023067643080026,0.02511265725874967
2024-09-24,0.015234244172185996,0.002190723783408899
2024-09-25,-0.018185964558888656,-0.028649257997379607
2024-09-26,0.03176403065562461,0.020267557896731958
2024-09-27,0.009309629648678097,0.02391235596212482
2024-09-28,0.001473050355761174,-0.006834223427554242
2024-09-29,-0.003837262677613751,-0.006817537110907601
2024-09-30,-0.03576247704956792,-0.021391845020683142
2024-10-01,-0.040152970417249634,-0.061041152664752296
2024-10-02,-0.0033625289659386937,-0.03477159451833245
2024-10-03,0.002086085373775859,-0.006549484508482806
2024-10-04,0.021300283559387623,0.02728746203317911
2024-10-05,0.0003620026164998791,0.0003469220608485202
2024-10-06,0.011672701783517425,0.01001984651153176
2024-10-07,-0.00931261159307084,-0.007471055019700579
2024-10-08,-0.0016835665376202513,0.007423125435155775
2024-10-09,-0.025261155468463414,-0.029767390727599263
2024-10-10,-0.005090366975952776,0.006554737109736308
2024-10-11,0.035378479360446136,0.021847948378954207
2024-10-12,0.011906298332258203,0.01628754401931154
2024-10-13,-0.00542109412935865,-0.0035784153134814645
2024-10-14,0.04958054928829014,0.0632882475334613
2024-10-15,0.01495264242203831,-0.008740560369298933
2024-10-16,0.008490108547450248,0.001947463663023008
2024-10-17,-0.0031535287872266338,-0.00261864834037695
2024-10-18,0.015004897049664123,0.014212990821686589
2024-10-19,-0.0008196237215276625,0.002685996070363572
2024-10-20,0.009303330181939629,0.036225147538878844
2024-10-21,-0.023963262921302686,-0.029806611723017795
2024-10-22,-9.567799317800052e-05,-0.017221547923448988
2024-10-23,-0.013890438213698175,-0.04332602482144399
2024-10-24,0.025691547967452877,0.010072125451519476
2024-10-25,-0.02253213347279548,-0.03966551140843677
2024-10-26,0.005570705733250136,0.01776828664444796
2024-10-27,0.013555484057567568,0.01056560633718373
2024-10-28,0.02870921510255542,0.023430015732824216
2024-10-29,0.039446590577762564,0.02791075260486675
2024-10-30,-0.00525236341818669,0.007332923830771776
2024-10-31,-0.02980622089692453,-0.054747302007758236
2024-11-01,-0.010490161236779372,-0.0015569071230174814
2024-11-02,-0.002784362785529737,-0.008321889126305493
2024-11-03,-0.007942586110248229,-0.014004616269903458
2024-11-04,-0.013615611362265412,-0.024478204713173746
2024-11-05,0.022572112490930607,0.010633288913420635
2024-11-06,0.08666903126846393,0.1173012526406989
2024-11-07,0.0035076496874797414,0.06102382126501471
2024-11-08,0.008404323339316733,0.022777538004595144
2024-11-09,0.003044406381334852,0.0554337463553356
2024-11-10,0.04700704537184386,0.01903956214350444
2024-11-11,0.09734014312496164,0.055901747117085065
2024-11-12,-0.008442066269106263,-0.038837171708260954
2024-11-13,0.029444850487761798,-0.016668377768942477
2024-11-14,-0.03749692231881241,-0.042763057630081036
2024-11-15,0.04280211829142644,0.014311141275921813
2024-11-16,-0.005588812244118557,0.009695994492798121
2024-11-17,-0.007900350440317894,-0.01855840112515672
2024-11-18,0.007725465406075216,0.042082900589674566
2024-11-19,0.01969754318365169,-0.030535286086054825
2024-11-20,0.02138144499843264,-0.01267764643441005
2024-11-21,0.04320463738221214,0.08986459438020589
2024-11-22,0.0049917220950614904,-0.008801683663303805
2024-11-23,-0.012404002529793345,0.01921112799239566
2024-11-24,0.0024162403264789134,-0.009634405505680732
2024-11-25,-0.051409637293289734,0.014721391049258514
2024-11-26,-0.012069852534281722,-0.02582512070414822
2024-11-27,0.04232881330495708,0.09478538754645882
2024-11-28,-0.0032363100031336245,-0.021401146668093673
2024-11-29,0.018736162907208254,0.003814943374230495
2024-11-30,-0.010442730465097583,0.030748515695558254
2024-12-01,0.008576311620290156,0.0014722430127669384
2024-12-02,-0.01464711979836153,-0.01820940675586158
2024-12-03,0.0014266034685608275,-0.006465846852197643
2024-12-04,0.028408310872006126,0.05914833494591143
2024-12-05,-0.022266865312221995,-0.00792513536220163
2024-12-06,0.03386480176780893,0.04985214378216085
2024-12-07,2.6270484823953666e-05,-0.0007786523927713063
2024-12-08,0.013051327819740166,0.000752201208582548
2024-12-09,-0.038292503466212935,-0.07434792132244716
2024-12-10,-0.007802793553988607,-0.0236338879518474
2024-12-11,0.04547294957076353,0.05386366878061288
2024-12-12,-0.011232138149603443,0.013032853981373549
2024-12-13,0.014057223472295988,0.007211386970922717
2024-12-14,-0.0008508417934169898,-0.011003244988307515
2024-12-15,0.02845237769652975,0.021364543575883133
2024-12-16,0.016460567443029817,0.00895280078884042
2024-12-17,0.0010452246330352466,-0.025582213898983852
2024-12-18,-0.05917915465376922,-0.07143741459791109
2024-12-19,-0.025825905125143933,-0.05710555070104206
2024-12-20,0.002714273553184654,0.015855679498072206
2024-12-21,-0.005448791172121048,-0.039751344867882565
2024-12-22,-0.02204418038201439,-0.018047184722854936
2024-12-23,-0.004412175449120426,0.04131578891043297
2024-12-24,0.0412739940682787,0.022081448333141296
2024-12-25,0.006294761562736895,0.00033944122819917766
2024-12-26,-0.03592159329680378,-0.047487988220145994
2024-12-27,-0.01716880486495498,-0.0006933298713640568
2024-12-28,0.010553910906912378,0.02051125998172232
2024-12-29,-0.01731631736860173,-0.014343193669390075
2024-12-30,-0.009528989191728954,0.002051669915347887
2024-12-31,0.008448290052871954,-0.007134462860038937
2025-01-01,0.010546386456946166,0.0062735172957015806
2025-01-02,0.025793710693546856,0.028771981247119882
2025-01-03,0.01251903875349214,0.043546684210939546
2025-01-04,0.0013119537033574602,0.01451191049840972
2025-01-05,0.0008011590284731085,-0.0064738680818550165
2025-01-06,0.03756185651681854,0.014887531318588998
2025-01-07,-0.051824282978696345,-0.08690776855318205
2025-01-08,-0.01957885769656542,-0.01647288739964914
2025-01-09,-0.02729884917903469,-0.03266486590657891
2025-01-10,0.0236932656291593,0.014817571558857878
2025-01-11,-0.0014250624978640047,0.004497241268525798
2025-01-12,-0.0008268095689984989,-0.004968300347394816
2025-01-13,0.0002971978890649041,-0.04076247086264395
2025-01-14,0.021121093071560182,0.02773640872797678
2025-01-15,0.04030666140622685,0.06800506244582571
2025-01-16,-0.007466135920999761,-0.04208191502412362
2025-01-17,0.04608745388695823,0.0488893894473712
2025-01-18,-0.0005167685444558145,-0.04966217811293383
2025-01-19,-0.03229962927724728,-0.02972708623132192
2025-01-20,0.009128828074565831,0.02129602525998564
2025-01-21,0.03968183425876326,0.014948816934856168
2025-01-22,-0.02376854699304154,-0.026550445302570225
2025-01-23,0.002958402684214434,0.028744300670782152
2025-01-24,0.00823181116278171,-0.0075732333452158684
2025-01-25,-0.0010006574570038396,0.002328295592443297
2025-01-26,-0.019597313563924246,-0.02476252101244647
2025-01-27,-0.005809577851447756,-0.0178378476986758
2025-01-28,-0.007425167615396688,-0.03254997236383872
2025-01-29,0.023126120746530532,0.011594904629125935
2025-01-30,0.009903181107727477,0.04238511728102168
2025-01-31,-0.022500491172309012,0.015424919053598884
2025-02-01,-0.017227936971828228,-0.056099456678397885
2025-02-02,-0.029919108206549083,-0.08344067699827828
2025-02-03,0.03733783666464596,0.005518200428123343
2025-02-04,-0.03546789334061806,-0.053224499427353855
2025-02-05,-0.012920048753754187,0.019095058966454914
2025-02-06,-0.00022926951799639994,-0.036298692340943184
2025-02-07,-0.0006649766736614993,-0.024928623743828204
2025-02-08,-0.00048321269944651135,0.003843236412775397
2025-02-09,0.00018282093727961524,-0.0013636717798481968
2025-02-10,0.009667728227993777,0.012267164782038265
2025-02-11,-0.017497924369383355,-0.022183787478294192
2025-02-12,0.02208831591934768,0.05024579395397755
2025-02-13,-0.012976316589519143,-0.022539920715982653
2025-02-14,0.009118577917229587,0.01858217824945818
2025-02-15,0.0007317962415491763,-0.012005247865074509
2025-02-16,-0.014506383627455932,-0.01129173770093761
2025-02-17,-0.004184968400661404,0.029553083215088094
2025-02-18,-0.002444539993485151,-0.02729418890354296
2025-02-19,0.01140703518992403,0.017245063069149857
2025-02-20,0.01742191135803317,0.009023070046993986
2025-02-21,-0.022714094704245014,-0.0299023498437192
2025-02-22,0.004693347302195505,0.03849289556023727
2025-02-23,-0.00315098307034134,0.020511918097523285
2025-02-24,-0.051753205536490654,-0.11539740204549709
2025-02-25,-0.02977666935499812,-0.008079567833921608
2025-02-26,-0.05072808622096936,-0.06723293096623006
2025-02-27,0.004225980660949702,-0.011200727179471848
2025-02-28,-0.003917962993897461,-0.02975051281140484
2025-03-01,0.01947078336241681,-0.009546253209762767
2025-03-02,0.09121501495686424,0.12814366644776953
2025-03-03,-0.09082270482945631,-0.16073059198113704
2025-03-04,0.013348200634373697,0.011327039159087171
2025-03-05,0.03825541905303531,0.03262405447073036
2025-03-06,-0.007329931515325683,-0.017775649142083516
2025-03-07,-0.036438378269309624,-0.029249939244508028
2025-03-08,-0.0068026569501213885,0.028810994834996606
2025-03-09,-0.06663174322153331,-0.08827175789597241
2025-03-10,-0.0260053559872766,-0.07967653516610618
2025-03-11,0.05367293406512452,0.031049127522702946
2025-03-12,0.010326959815815329,-0.005673973790330855
2025-03-13,-0.03223376776091058,-0.024398688433319826
2025-03-14,0.035176581475923285,0.02465264658862143
2025-03-15,0.004444222151272825,0.014519685568091134
2025-03-16,-0.0211293785421951,-0.02612531278119512
2025-03-17,0.017953698574084243,0.020747114260993627
2025-03-18,-0.016274157682193646,0.002871078927171311
2025-03-19,0.04878787945306051,0.06277568959842839
2025-03-20,-0.03142591561831054,-0.037455863474503026
2025-03-21,-0.001473786636289276,-0.0087421632555289
2025-03-22,-0.002510880251037406,0.007701304979779167
2025-03-23,0.026158789817674943,0.012677317190987303
2025-03-24,0.016647018673747738,0.035361867539989156
2025-03-25,-0.0003110343685897021,-0.00468723360820178
2025-03-26,-0.006547157036870033,-0.028736584831998258
2025-03-27,0.0031735085032362775,-0.0034061254701009958
2025-03-28,-0.03292956550032855,-0.054840995788628
2025-03-29,-0.02103168000812694,-0.03663361798023512
2025-03-30,-0.0031899515997135808,-0.011615079486720248
2025-03-31,0.00260051281161644,0.009511248469109113
2025-04-01,0.03124852053156779,0.04399320439878629
2025-04-02,-0.032014458322985107,-0.05956044751702105
2025-04-03,0.007453656492041105,0.011256974898994798
2025-04-04,0.008876865806506373,-0.00016634769948353778
2025-04-05,-0.004051522069072888,-0.00517048431887801
2025-04-06,-0.06544922522509644,-0.1357478212835792
2025-04-07,0.012967507560798452,-0.013721334859379652
2025-04-08,-0.03811707626174865,-0.05463279878420835
2025-04-09,0.07938900944238014,0.12465161047070339
2025-04-10,-0.0363518545774042,-0.09128324001492949
2025-04-11,0.04636385379527397,0.02889247503118675
2025-04-12,0.022317029488567286,0.04758695132972779
2025-04-13,-0.018963852136870685,-0.028915393873992556
2025-04-14,0.010193602875444796,0.016204402070608026
2025-04-15,-0.010384627625775522,-0.0212609529619483
2025-04-16,0.004351453244224146,-0.006648569648291414
2025-04-17,0.010204134780154916,0.0028114412594666405
2025-04-18,-0.005254861395886934,0.0040210661228101685
2025-04-19,0.007227854353503815,0.01499048164051242
2025-04-20,0.001302774044411592,-0.015878520415331998
2025-04-21,0.027155041278543735,-0.004912655332703686
2025-04-22,0.06548491099549558,0.10653976610910565
2025-04-23,0.002748931682265976,0.021823453566225837
2025-04-24,0.0026080137382393787,-0.014735575199702922
2025-04-25,0.008233751969907388,0.009449256980928133
2025-04-26,-0.0007770112983305211,0.019535846133511114
2025-04-27,-0.009470108357138685,-0.016054647143695533
2025-04-28,0.012969852186460074,0.003333682631085466
2025-04-29,-0.007333309425444412,0.00018001671360945437
2025-04-30,-0.0008220669855223406,-0.0030060374028755277
2025-05-01,0.023965778896187118,0.025019860112733383
2025-05-02,0.004319853436324905,0.001893751208733363
2025-05-03,-0.01056299838090169,-0.004824189543207069
2025-05-04,-0.01656984190056754,-0.013862097671100138
2025-05-05,0.004570714740086856,0.006120404264867041
2025-05-06,0.021451265529472963,-0.002536594478106835
2025-05-07,0.00237154382422311,-0.0019195641123834761
2025-05-08,0.06202640353374633,0.19720006321216044
2025-05-09,-0.0026245719962858516,0.061087532978334025
2025-05-10,0.016618093181868687,0.09622623202823366
2025-05-11,-0.00565098397007624,-0.028350466587270695
2025-05-12,-0.012501714607269676,-0.005528712106073641
2025-05-13,0.013111031807524043,0.07101639120680936
2025-05-14,-0.006070027639406561,-0.02649071796891178
2025-05-15,0.001980148737121823,-0.02451442415904559
2025-05-16,-0.0024643811186511044,-0.004154641089668232
2025-05-17,-0.0028856472892222484,-0.02416022732598755
2025-05-18,0.031055414958407468,0.009038783738296807
2025-05-19,-0.007920998372647148,0.012305960707904795
2025-05-20,0.011157568710077115,-0.0019763776526477983
2025-05-21,0.02667505449687546,0.011099871594029587
2025-05-22,0.018027963942364167,0.0428742844419574
2025-05-23,-0.04006256233899386,-0.05307573119658837
2025-05-24,0.004680702474075815,0.001662753964237318
2025-05-25,0.011476897551185417,0.008310150759836432
2025-05-26,0.0037072948540295414,0.004837674772017131
2025-05-27,-0.004081096575204057,0.037857000045733
2025-05-28,-0.010999457493792164,0.007162632649870382
2025-05-29,-0.020245528009255054,-0.01864939819501643
2025-05-30,-0.015676574887612205,-0.039795749687188575
2025-05-31,0.006130518270316188,-0.0003384842587674797
2025-06-01,0.009643965283823164,0.0028345344571230058
2025-06-02,0.0021692037754323934,0.027544438260728832
2025-06-03,-0.004250198055929744,-0.005313910650714071
2025-06-04,-0.0066660841880299415,0.005906599013369096
2025-06-05,-0.03059773184703829,-0.07659868477592457
2025-06-06,0.02733035306446041,0.02489529727580475
2025-06-07,0.011669145986994423,0.019710270938441354
2025-06-08,0.0016841596083665422,-0.0062407782732494255
2025-06-09,0.04165996456486809,0.0657864192835449
2025-06-10,-0.0003343184269262167,0.048052794989455805
2025-06-11,-0.014347388609724732,-0.014314884050645738
2025-06-12,-0.025699166845333465,-0.04488379180962809
2025-06-13,0.0015273471943917372,-0.027646644951976995
2025-06-14,-0.005847555254664627,-0.018010508723397045
2025-06-15,0.0007545779547495357,0.005272581093273665
2025-06-16,0.011723623976989117,-0.0024500252511776566
2025-06-17,-0.02077333636181322,-0.011816150483902277
2025-06-18,0.0026943395038614426,0.005378312737116531
2025-06-19,-0.001899521739272103,-0.0010495335058742228
2025-06-20,-0.013218729770938964,-0.04640733082546866
2025-06-21,-0.010237095073648561,-0.04538295151749416
2025-06-22,-0.01250003687186485,-0.03192460094781513
2025-06-23,0.04445468211607739,0.083321388610206
2025-06-24,0.004421629398587257,0.01075358692347983
2025-06-25,0.012329889288553275,-0.011792454268337416
2025-06-26,-0.003744456200287516,-0.0013084904486504456
2025-06-27,0.0012000060276005087,0.003190165117134214
2025-06-28,0.002231861322037787,0.005448479290088848
2025-06-29,0.00980816480326574,0.02586198790884353
2025-06-30,-0.011602107852205279,-0.005812878698818302
2025-07-01,-0.013504224993729608,-0.032982299378448765
2025-07-02,0.02946777720135607,0.06654592952363814
2025-07-03,0.007218611789243212,0.007621334375846445
2025-07-04,-0.014825919147368083,-0.032354464051921994
2025-07-05,0.0018203901235924747,0.003486700831964562
2025-07-06,0.009205212306969912,0.021207974563753673
2025-07-07,-0.008570920982480246,-0.011037269017402096
2025-07-08,0.0059877877476886,0.028107853381816206
2025-07-09,0.021576245274882666,0.05767047437901507
2025-07-10,0.04101205071842706,0.06431827026714032
2025-07-11,0.013103070357297852,0.0010286331862907616
2025-07-12,-0.0006960192054012992,-0.0050754633178708985
2025-07-13,0.014211873752884685,0.010292813483773422
2025-07-14,0.006139691784923684,0.013360440086175096
2025-07-15,-0.01744388585779255,0.04113496333191691
2025-07-16,0.008129063950951476,0.07117212126317796
2025-07-17,0.004632531543984797,0.030748073722897118
2025-07-18,-0.01084422561798526,0.02056263219756005
2025-07-19,-0.0005361459934203339,0.012949634010720246
2025-07-20,-0.005434339336074956,0.044658255180447526
2025-07-21,0.0011821574696337933,0.0010368162171037199
2025-07-22,0.021529885923987635,-0.0037872386508901457
2025-07-23,-0.010391307548022866,-0.032376953724442714
2025-07-24,-0.0032638027078917276,0.02134316634962552
2025-07-25,-0.006204300770342286,0.005181053863514862
2025-07-26,0.00264436929628431,0.003783586846916265
2025-07-27,0.012646766556766664,0.03515049208380816
2025-07-28,-0.01284086030452336,-0.02292271991941064
2025-07-29,-1.974270354665464e-05,0.00159059463181066
2025-07-30,-0.0007716619716280348,0.003879902935024049
2025-07-31,-0.01774942596737006,-0.029714442554080733
2025-08-01,-0.021287126462377515,-0.05800920773041618
2025-08-02,-0.007024004180115284,-0.027795210782601387
2025-08-03,0.014913601071924631,0.030375662386234126
2025-08-04,0.007450970809324886,0.06143719924574853
2025-08-05,-0.00811857336682209,-0.029217285611139232
2025-08-06,0.007737149330479198,0.01974379278503058
2025-08-07,0.021236359971132046,0.06066555755519154
2025-08-08,-0.006902004196733813,0.024110416268246837
2025-08-09,-0.001615574997549274,0.06136011362803906
2025-08-10,0.02380361527108832,-0.0022027595957307966
2025-08-11,-0.004833792329586473,-0.006426241550936851
2025-08-12,0.012067410412960555,0.082596819735965
2025-08-13,0.026046115310302653,0.035383497364289695
2025-08-14,-0.04125044324166893,-0.04474079806887232
2025-08-15,-0.008154397097905886,-0.024072338519639302
2025-08-16,0.0007918610617849708,-0.003114897764772806
2025-08-17,-0.0003259414614440459,0.010583067342857078
2025-08-18,-0.010275848947745914,-0.03660110203095179
2025-08-19,-0.02987022020522012,-0.057025144152555995
2025-08-20,0.01271285160686908,0.062112605525852516
2025-08-21,-0.016372327846505996,-0.0260108828288228
2025-08-22,0.03886392642477787,0.1345301555861269
2025-08-23,-0.012915297318542684,-0.011503359080489162
2025-08-24,-0.016745357831503327,0.000744501188211899
2025-08-25,-0.029826315528831415,-0.08892030986931587
2025-08-26,0.015125123339528201,0.05070259165713864
2025-08-27,-0.005206553469269792,-0.02131794522245478
2025-08-28,0.01182264033331748,0.0008400507082164665
2025-08-29,-0.03742335971466204,-0.03316406815035222
2025-08-30,0.0036574608046340273,0.003205864330368513
2025-08-31,-0.005264910692758917,0.0036205905886266265
2025-09-01,0.009323672098975777,-0.017359025442644338
2025-09-02,0.017691382281181944,0.002522157519448953
2025-09-03,0.004688830576405678,0.02849484711440553
2025-09-04,-0.008987461697769206,-0.03466862435314688
2025-09-05,-0.0006560571512483904,0.0019160788545811158
2025-09-06,-0.003859995744180722,-0.007632177983046162
2025-09-07,0.008518160055379198,0.0072510704136306
2025-09-08,0.008097306013038263,0.0006326428969174458
2025-09-09,-0.004837916692700617,0.0002249565948098109
2025-09-10,0.021508270891821724,0.00926401259097176
2025-09-11,0.013529013824571834,0.025445771445145482
2025-09-12,0.005129680319349461,0.055375833984928846
2025-09-13,-0.001302038145722051,-0.010031901370158636
2025-09-14,-0.004692746079797416,-0.012628630251366957
2025-09-15,0.00032244610982523625,-0.018120801633333627
2025-09-16,0.01203961474068116,-0.005150591340381538
2025-09-17,-0.0032118407874524024,0.019606174543390864
2025-09-18,0.005725006775122665,-0.0006129935246956819
2025-09-19,-0.012441583362178932,-0.02626883369072175
2025-09-20,0.00028608483113323757,0.0025351072072705705
2025-09-21,-0.0036001483649776844,-0.006925912367545806
2025-09-22,-0.022430533319747425,-0.05743333028353881
2025-09-23,-0.0065314166152443676,-0.008932141613724909
2025-09-24,0.011663525697123589,-0.0028933081415409845
2025-09-25,-0.038491879643615334,-0.07112002669484241
2025-09-26,0.00606632543055774,0.042402417497850564
2025-09-27,-0.00028152733285402576,-0.004278270259710837
2025-09-28,0.022008506441888898,0.03010431526199575
2025-09-29,0.02011114740907871,0.018152641761309596
2025-09-30,-0.003014115884239388,-0.01707125579224744
2025-10-01,0.03947865276779439,0.048297746813586784
2025-10-02,0.016983874858595982,0.03095868109208766
2025-10-03,0.013050507216425089,0.005986331913920395
2025-10-04,0.0012987632223548928,-0.005702624588321825
2025-10-05,0.00884816469408456,0.005824934255679537
2025-10-06,0.00998175292871295,0.03745846897136218
2025-10-07,-0.026817983765198505,-0.05179439967668742
2025-10-08,0.015551259305388143,0.01703968153797142
2025-10-09,-0.01346040236705015,-0.03563558115607357
2025-10-10,-0.07232182184699099,-0.12831140837959332
2025-10-11,-0.02148516003340717,-0.024336685988952667
2025-10-12,0.038609346343898565,0.10465995484650037
2025-10-13,0.0008792929662888582,0.01927314020135462
2025-10-14,-0.01884916344559251,-0.028686087571136554
2025-10-15,-0.02086257829089888,-0.03401161563733801
2025-10-16,-0.023722484783180064,-0.023523683730591216
2025-10-17,-0.016009839805349202,-0.016097936733144635
2025-10-18,0.00683758034970694,0.014965464892231495
2025-10-19,0.013605430464266988,0.023951244355826518
2025-10-20,0.017534490738340125,-0.0009765736224256472
2025-10-21,-0.019282830173496635,-0.026471993284264528
2025-10-22,-0.0072935622708190095,-0.01786458953439407
2025-10-23,0.021870444424777702,0.012500977883110664
2025-10-24,0.00872171428526336,0.020163720301495047
2025-10-25,0.005459116892618354,0.0047929789006655454
2025-10-26,0.025039267744803695,0.05043769204316284
2025-10-27,-0.0030895028553832304,-0.009148814294666963
2025-10-28,-0.010244824086811377,-0.03403267878386096
2025-10-29,-0.026016805465767234,-0.02001417849256626
2025-10-30,-0.016026638954619088,-0.025684149923014488
2025-10-31,0.011480961196285833,0.011162718308131758
2025-11-01,0.004624825172491853,0.007021586687224968
2025-11-02,0.005216141233320926,0.009473174047531785
2025-11-03,-0.03768718290100992,-0.08223448305523995
2025-11-04,-0.04764085753760838,-0.08990501013567176
2025-11-05,0.022400061321748765,0.039481668810072534
2025-11-06,-0.02525118249184999,-0.033521363669855475
2025-11-07,0.020238925968733668,0.03647448115981611
2025-11-08,-0.010603212214199687,-0.01021854974134584
2025-11-09,0.02355183969967989,0.05220874290983879
2025-11-10,0.01212026933646193,-0.003960630532175102
2025-11-11,-0.02870254647684156,-0.04387398640993112
2025-11-12,-0.01303914664267758,-0.0006408517068141606
2025-11-13,-0.019524742976585685,-0.05428392280984795
2025-11-14,-0.05462287113659059,-0.040712816183601674
2025-11-15,0.012123106498746594,0.020045814386644878
2025-11-16,-0.01446393846192251,-0.023576197316440783
2025-11-17,-0.022368382716344115,-0.02233353606864341
2025-11-18,0.009241173563307115,0.0320287321061965
2025-11-19,-0.016082377699810024,-0.03251421900082363
2025-11-20,-0.05429914313161177,-0.06536849882670825
2025-11-21,-0.01795049047228936,-0.023611152385790035
2025-11-22,-0.005211872393680039,0.0006897153274083578
2025-11-23,0.02515858657899983,0.012234618260288599
2025-11-24,0.016742357810839437,0.052506718464392144
2025-11-25,-0.010576476956753567,0.0017672851723711247
2025-11-26,0.0357225879133356,0.023348428095093965
2025-11-27,0.008437806108496204,-0.004392260426712369
2025-11-28,-0.004018666774420865,0.005874882913213142
2025-11-29,-0.0007427786269449399,-0.013485997805236849
2025-11-30,-0.0050477925731335915,0.00014280097860108754
2025-12-01,-0.04610183805407608,-0.0662927736435055
2025-12-02,0.05662099387030395,0.06823838280892502
2025-12-03,0.0235582620118322,0.06258823046337803
2025-12-04,-0.014931972865932508,-0.01810241754529862
2025-12-05,-0.030343059975676212,-0.03568750802814691
2025-12-06,-0.0012916460625564952,0.005202266348911522
2025-12-07,0.012614572226015142,0.006914380156551658
2025-12-08,0.0025911959798126105,0.020657404003744162
2025-12-09,0.02238119269819805,0.06080292642241858
2025-12-10,-0.007262832846635092,0.00128643459752098
2025-12-11,0.005314970108146966,-0.026922453488486653
2025-12-12,-0.024521421452146086,-0.048381125268667446
2025-12-13,0.00031341875563306587,0.01048982294768841
2025-12-14,-0.017702478559955992,-0.007557320753885932
